{"model_1.1": 0.6812499761581421, "model_1.2": 0.699999988079071, "model_1.3": 0.7174999713897705, "model_1.4": 0.6962500214576721, "model_2.1": 0.6875, "model_2.2": 0.7212499976158142, "model_2.3": 0.7275000214576721, "model_2.4": 0.6899999976158142, "model_3.1": 0.7099999785423279, "model_3.2": 0.699999988079071, "model_3.3": 0.6762499809265137, "model_3.4": 0.7024999856948853, "model_4.1": 0.7137500047683716, "model_4.2": 0.7087500095367432, "model_4.3": 0.6912500262260437, "model_4.4": 0.668749988079071}
